mood,rank,date,venue,why
stressed / anxious / need to come down,1,1976-06-09,"Boston Music Hall, Boston, MA","1976 devotees describe the year as a unique mellow groove; this show is a patient, beautiful, low-friction entry."
stressed / anxious / need to come down,2,1976-06-14,"Beacon Theatre, New York, NY","Another June '76 touchstone: spacious, intricate, and calming without turning sleepy."
stressed / anxious / need to come down,3,1973-03-21,"Utica Memorial Auditorium, Utica, NY","A 'beautiful Dead' favorite with lyrical, artful Jerry lines and very little abrasion."
stressed / anxious / need to come down,4,1973-02-09,"Roscoe Maples Pavilion, Stanford University, Palo Alto, CA","Bright, melodic, and uplifting rather than overwhelming."
stressed / anxious / need to come down,5,1972-05-26,"Lyceum Theatre, London, England","Europe ’72 polish plus a very palatable, melodic set shape."
euphoric / celebrating / pure joy,1,1972-08-27,"Old Renaissance Faire Grounds, Veneta, OR","The most common all-in bliss answer: sunny, expansive, ecstatic."
euphoric / celebrating / pure joy,2,1977-05-08,"Barton Hall, Cornell University, Ithaca, NY",The canonical joyful/polished pick.
euphoric / celebrating / pure joy,3,1990-03-29,"Nassau Coliseum, Uniondale, NY",Late-era uplift with Branford lifting the whole room.
euphoric / celebrating / pure joy,4,1978-07-08,"Red Rocks Amphitheatre, Morrison, CO",For celebration with more muscle and velocity.
euphoric / celebrating / pure joy,5,1987-09-18,"Madison Square Garden, New York, NY",Triumphant comeback energy.
melancholy / breakup / loss,1,1970-05-02,"Harpur College, SUNY Binghamton, Binghamton, NY","Warm, bittersweet, and emotionally wide enough to hold grief."
melancholy / breakup / loss,2,1977-05-19,"Fox Theatre, Atlanta, GA",A tender May ’77 date associated with emotional payoff and song-level catharsis.
melancholy / breakup / loss,3,1990-09-20,"Madison Square Garden, New York, NY","Beautiful, grieving, luminous late-era Dead."
melancholy / breakup / loss,4,1973-03-21,"Utica Memorial Auditorium, Utica, NY",Reflective and lyrical rather than crushing.
melancholy / breakup / loss,5,1990-09-19,"Madison Square Garden, New York, NY",For when the listener actually wants to sit inside the darkness.
restless / need motion / road trip,1,1978-07-08,"Red Rocks Amphitheatre, Morrison, CO","High-altitude, high-energy release."
restless / need motion / road trip,2,1972-09-09,"Hollywood Palladium, Hollywood, CA","Kinetic, melodic, and driving."
restless / need motion / road trip,3,1977-05-26,"Baltimore Civic Center, Baltimore, MD",Road-trip thread favorite with hidden-gem status.
restless / need motion / road trip,4,1977-04-23,"Springfield Civic Center, Springfield, MA",Spring ’77 engine with direct forward motion.
restless / need motion / road trip,5,1981-03-09,"Madison Square Garden, New York, NY",Punchy city-night early-'80s energy.
contemplative / meditative / spiritual,1,1973-11-17,"Pauley Pavilion, UCLA, Los Angeles, CA",A full spiritual journey show with long-form architecture.
contemplative / meditative / spiritual,2,1974-09-11,"Alexandra Palace, London, England","Eerie, beautiful, and advanced—great for deep, inward listening."
contemplative / meditative / spiritual,3,1990-03-29,"Nassau Coliseum, Uniondale, NY",Spiritual but accessible; Branford helps widen the horizon.
contemplative / meditative / spiritual,4,1972-08-27,"Old Renaissance Faire Grounds, Veneta, OR",Transcendent without losing warmth.
contemplative / meditative / spiritual,5,1974-06-28,"Boston Garden, Boston, MA","Elegant, patient Wall-of-Sound immersion."
dark / heavy / raw aggression,1,1970-02-13,"Fillmore East, New York, NY","Primal, serious, and exploratory."
dark / heavy / raw aggression,2,1969-03-01,"Fillmore West, San Francisco, CA",Primal acid-rock intensity.
dark / heavy / raw aggression,3,1984-07-13,"Greek Theatre, Berkeley, CA","Rare, dangerous-feeling mid-'80s peak."
dark / heavy / raw aggression,4,1984-10-12,"Augusta Civic Center, Augusta, ME",Volatile and widely cited as one of the decade's fiercest nights.
dark / heavy / raw aggression,5,1990-09-19,"Madison Square Garden, New York, NY",Emotionally dark rather than merely loud.
newcomer / first serious Dead show,1,1977-05-08,"Barton Hall, Cornell University, Ithaca, NY",The most universal gateway.
newcomer / first serious Dead show,2,1972-08-27,"Old Renaissance Faire Grounds, Veneta, OR",If the newcomer likes psychedelia and sunshine.
newcomer / first serious Dead show,3,1972-05-26,"Lyceum Theatre, London, England",If they want melody and low-dissonance flow.
newcomer / first serious Dead show,4,1990-03-29,"Nassau Coliseum, Uniondale, NY","If they want clean, modern sound and uplift."
newcomer / first serious Dead show,5,1977-05-09,"Buffalo Memorial Auditorium, Buffalo, NY",If they want Cornell's universe with a little more expert-chosen edge.
deep-head / sleeper / underrated,1,1973-11-30,"Boston Music Hall, Boston, MA",A cosmic road-trip sleeper that comes up with real passion.
deep-head / sleeper / underrated,2,1976-10-09,"Oakland-Alameda County Coliseum Stadium, Oakland, CA",Underrated-show thread favorite.
deep-head / sleeper / underrated,3,1984-07-13,"Greek Theatre, Berkeley, CA","1984 believers treat it like buried treasure, even if online heads know it now."
deep-head / sleeper / underrated,4,1989-04-16,"Mecca Auditorium, Milwaukee, WI",A dark-horse 1989 favorite with killer energy.
deep-head / sleeper / underrated,5,1989-10-16,"Meadowlands Arena, East Rutherford, NJ",Composite-ranking sleeper / expert-loved late-'89 date.
work / study / background vibes,1,1976-06-09,"Boston Music Hall, Boston, MA","Beautiful, patient, unobtrusive but never bland."
work / study / background vibes,2,1974-06-28,"Boston Garden, Boston, MA",Flow-state Wall-of-Sound jazziness.
work / study / background vibes,3,1974-06-18,"Freedom Hall, Louisville, KY",Good long-form concentration music.
work / study / background vibes,4,1973-03-21,"Utica Memorial Auditorium, Utica, NY",Lyrical and low-friction.
work / study / background vibes,5,1980-05-16,"Nassau Coliseum, Uniondale, NY",Song-forward rather than aggressively jammy.
